{"cameraMode":{"drawMode":0,"name":"Shaded","section":"Shading Mode"},"sceneLighting":false,"audioPlay":false,"sceneViewState":{"showFog":true,"showMaterialUpdate":false,"showSkybox":false,"showFlares":true,"showImageEffects":true,"showParticleSystems":true},"in2DMode":false,"pivot":{"x":-3.815000057220459,"y":4.8583831787109379,"z":0.7519999742507935},"rotation":{"x":0.026056423783302308,"y":-0.9719619750976563,"z":0.13084551692008973,"w":0.19378508627414704},"size":2.3667261600494386,"orthographic":false}